openalex_id,canonical_url,oa_status,candidate_full_text_url,license,retrieval_disposition,artifact_level,content_sha256
W121121963,http://www.pacis-net.org/file/2013/PACIS2013-027.pdf,closed,,,no-pdf-url,abstract,b2e91cb0abb42d35325e7a2c9ffbdb46b4910ac2ac01f4c7a716342d0921cbfe
W1490729419,http://penerbit.uthm.edu.my/ojs/index.php/jtmb/article/view/913,green,http://penerbit.uthm.edu.my/ojs/index.php/jtmb/article/view/913,,not-redistributable,abstract,32e329b6ec71040a5478ee17f22a46c40c5b1df6a181ba4078d0e4cc6689f37d
W1525574620,https://ieeexplore.ieee.org/iel5/5594059/5602021/05603372.pdf,closed,,,no-pdf-url,abstract,5d13d76d3442f7dcc0c4145a474434a8ad061044d8fdb8525b2e0830adab4828
W1543498508,http://library2.smu.ca/xmlui/handle/01/25002,green,http://library2.smu.ca/xmlui/handle/01/25002,,not-redistributable,abstract,058bd7b25ad268432c89b3d3403872bcc9552b585539e65ea954b7bcaf8d5b9b
W1556856773,https://doi.org/10.1108/jfbm-05-2014-0012,green,,other-oa,no-pdf-url,abstract,63e2b0ec82bc57bd05958ad09b23956c3d0fe56bb336921863f488273977a1a8
W1658993051,https://openalex.org/W1658993051,closed,,,no-pdf-url,abstract,e35c2b682fc812aed026120eb5d6531fc4050aba9422b9aea6ce66cf6b5eaeec
W169680222,http://congresses.pmi.org/ResearchConf2010/,green,https://eprints.qut.edu.au/31946/1/31946.pdf,,not-redistributable,abstract,e11afe17f62828bb93c7efa7a74b4d4b91da214973e9810d0655aa5de3a0bdb5
W1718011808,https://openalex.org/W1718011808,closed,,,no-pdf-url,abstract,d3b0e7e2a9766522818170e0950a2f98f8b621ac646581f06e79aacb08cd686c
W1751124435,https://doi.org/10.1111/j.1467-8551.2011.00749.x,green,,other-oa,no-pdf-url,abstract,98ba4234c380da35b9cfac85ebfbfdc67417077409131c17447cd810c29f2b7e
W1832704641,https://doi.org/10.1111/jscm.12085,closed,,,no-pdf-url,abstract,3db723bd0a3640ef62e700ae6f8cb6ab4b5548b9d923dc175242465635f5ef51
W1837698247,https://doi.org/10.1142/s1363919615500449,closed,,,no-pdf-url,abstract,fdb33337036698385204d15466014c906fae0c4fd969a3f24d7f615ae9e4e387
W1841615065,https://doi.org/10.12794/metadc115064,gold,https://digital.library.unt.edu/ark:/67531/metadc115064/m2/1/high_res_d/dissertation.pdf,,not-redistributable,abstract,1fbd67cb1c9cae99541e87a751bf614ca1406c26991df0d42a8c3d1dcfe8f445
W1905285866,https://doi.org/10.1002/9781119207245.ch13,closed,,,no-pdf-url,metadata_only,afc0d3ddd75298d0a2b080dc7204ef2b799880781710b556e09025a4eeaf2d00
W1952543176,https://doi.org/10.19030/jabr.v30i2.8410,hybrid,https://clutejournals.com/index.php/JABR/article/download/8410/8430,cc-by,blocked-after-attempt,abstract,dd1dc8bbaae3ed294052da352970b554eef870543686d7ad09d3b712894097a8
W1958593542,https://doi.org/10.1142/s1363919615500486,closed,,,no-pdf-url,abstract,5f8841d96f88110bc6ee857a1c0ddd61cb9a6a8f436800819bf984f7687e2843
W1973189905,https://doi.org/10.1109/itmc.2012.6306355,closed,,,no-pdf-url,abstract,d0c727774ac7faaeb1263254ac6233d3aa0f60189785f7a1697548d6bbb7f2aa
W1985378821,https://doi.org/10.1109/icime.2010.5477563,closed,,,no-pdf-url,abstract,3747b8a2fa6d0c419fc3404c354663018c4648365f6c04ae8e0b2a0be349836a
W1992325436,https://doi.org/10.1016/j.technovation.2014.10.003,closed,,,no-pdf-url,metadata_only,f2e2cc0eecd4d9d1b9d4800a0ee07f94dfadca8dd9de89e294fe0d0557429916
W1995317269,https://doi.org/10.1016/j.indmarman.2008.12.003,closed,,,no-pdf-url,metadata_only,7fe1648a6198741bb2220cdf0426ea0e24112b37f525a68be666f02402f26e8a
W1999462942,https://doi.org/10.1007/s11187-011-9368-x,closed,,,no-pdf-url,metadata_only,295f2af306fced34f74d13afaae24b9849d582b965600ac0bec603d527a7d18f
W1999525915,https://doi.org/10.1080/14697017.2014.988637,closed,,,no-pdf-url,abstract,4b2d30f0580e2e785d3484bd9d5bd9c5f9f5624324ffa236970dd0ea4b8c3b1c
W2005142374,https://doi.org/10.1109/tem.2014.2386614,green,https://www.investigo.biblioteca.uvigo.es/xmlui/bitstream/11093/5625/4/2015_martinez_product_innovation.pdf,other-oa,not-redistributable,abstract,cb0223149de0a167232213b52202634b9ac125cbbc3ba327a4f6ff2d17b3d021
W2008104572,https://doi.org/10.1016/j.emj.2012.03.002,closed,,,no-pdf-url,metadata_only,7811c423269759abd64f0799554f5c1d02110b8207a25b5f1219d5961c501669
W2009248191,https://doi.org/10.1108/09696470010316288,closed,,,no-pdf-url,abstract,53fde8b095931a659408ffd05026d4e22cc97904158689d8faa25c1e90b98888
W2010579248,https://doi.org/10.1016/j.respol.2012.02.008,green,,cc-by,no-pdf-url,metadata_only,52199d9cbeb625b9bb714930044bd9255512aa63c642859caeec8af7345957b7
W2015042503,https://doi.org/10.1016/j.jwb.2014.09.004,closed,,,no-pdf-url,metadata_only,746e46c82f4b93164509addde1cb9b95bae08867c55f61e8f3b178ed678e42fc
W2015493992,https://doi.org/10.1057/jibs.2013.55,closed,,,no-pdf-url,metadata_only,b88f4d9aa7b10903528164ae5f5664f3042c3017e3edecadcfeef188f4e4d4da
W2018072225,https://doi.org/10.1108/08876041011060693,closed,,,no-pdf-url,abstract,a24c5768a412a1eb1c514adb41b4246844718cd1af473ad84bf9c4c835fd2052
W2022745178,https://doi.org/10.1016/j.technovation.2009.05.010,closed,,,no-pdf-url,metadata_only,c6f9d1d542e98a2c9902893d9302a6b4f1066bdd8476e6a2b2a6891063a7a712
W2025030878,https://doi.org/10.4018/jksr.2013010103,closed,,,no-pdf-url,abstract,f3446d50a0d63b974b1a09f54163f849b020895dd68b231fb20d3cb007aa6b37
W2026140270,https://doi.org/10.4018/ijcrmm.2013100104,closed,,,no-pdf-url,abstract,e6a1764c49971202fd2051b24403a923f597c93a53c42bce46c995ae153b2bfe
W2030074618,https://doi.org/10.1108/jkm-04-2013-0138,closed,,,no-pdf-url,abstract,ba954d108009a3dc5f2cd461d62138fe21bfbf7403c88d4592ce7d19de326ac0
W2034797595,https://doi.org/10.7148/2012-0064-0070,green,https://openaccess.city.ac.uk/id/eprint/16269/1/investigating%20absorptive%20capacity.pdf,public-domain,retrieved,full_text,b04572787e9b8208b10776d97900db3a9ce627b7b676d3aa46b3fe2038b7882d
W2037209812,https://doi.org/10.1142/s1363919611003179,closed,,,no-pdf-url,abstract,36f0f23e5daa8b9096084d2381ad11f185f27048f9e9120fbc0f8fd78e31db16
W2039024536,https://doi.org/10.2991/icibet-14.2014.46,hybrid,https://www.atlantis-press.com/article/11408.pdf,cc-by-nc,not-redistributable,abstract,7fe8889ff69891ffd5270156fe7bd9c9227a3f3629ea53dd14fb997f90de15dc
W2040818436,https://doi.org/10.1109/icmse.2006.314077,closed,,,no-pdf-url,abstract,52d856a886c30613dd25064902a65fe3b94ef379f0d419c1d4685db8d81d7854
W2043233302,https://doi.org/10.1504/ijtm.2011.042981,closed,,,no-pdf-url,abstract,83fbccb1e65adc249033dc2828bf11e24a51e83a2c552e3786d738c2bd9ac2ea
W2045106028,https://doi.org/10.1109/itapp.2010.5566154,closed,,,no-pdf-url,abstract,a175a48f6a1f995469f28f241e0487a98aa26bdbb44c58a57e7184735221fc69
W2050753516,https://doi.org/10.1016/j.jbusres.2012.12.019,closed,,,no-pdf-url,metadata_only,52bf0e67bb3027a250b499a76410f2c15e255ab40b51a180bcc8d3747ee72e97
W2054873847,https://doi.org/10.1109/icmse.2009.5317398,closed,,,no-pdf-url,abstract,604f6fa31915211cec301229551f45f42ae82d720d0627a39b815fda40084738
W2062893154,https://doi.org/10.4018/jkm.2010103003,closed,,,no-pdf-url,abstract,c24b421bc7d9913e4ce6a0ac4839641dd5d08e747c46fa2142ca96fc9e0a6411
W2065309558,https://doi.org/10.1504/ijtm.2008.015991,closed,,,no-pdf-url,abstract,1c0e9e8c020b4fb4c83bfe06fdd746a82a3fd5c8a5a1f2c201b54a02868c7f11
W2071418825,https://doi.org/10.1177/1350507610389684,closed,,,no-pdf-url,abstract,36d5a33281777f80bfe98d19d75d9c6ef17cef220cc9c906ecbdfcb1b55bb62e
W2081797436,https://doi.org/10.1057/palgrave.kmrp.8500090,closed,,,no-pdf-url,abstract,c6e79b12919fbafdaf5873b4eb0ba1c4c8742e4d709febc802102a133fc487a4
W2091681150,https://doi.org/10.1108/17506201111131550,closed,,,no-pdf-url,abstract,ec8e6a6e754ac3a6586a0b914da92bb6deb652e90d1777990532e062af36533d
W2091704485,https://doi.org/10.1002/smj.882,closed,,,no-pdf-url,abstract,6333fe6040bd76d8c397a7c57db2a4e16596b8f8fd327d409ac9a3361530bcaf
W2092972183,https://doi.org/10.4028/www.scientific.net/ddf.334-335.26,hybrid,,cc-by,no-pdf-url,abstract,1344c248373a1860198997fadbccc06aeff9dc6ca9de08d4e94fd84bab7b2810
W2093465784,https://doi.org/10.5465/ambpp.2013.13604abstract,closed,,,no-pdf-url,abstract,2e91b709b599ffebdcbf6799b9e170f2ac88c8881eb7c48fb5f31453bf54d8ce
W2096545732,https://doi.org/10.1002/mde.1423,bronze,https://onlinelibrary.wiley.com/doi/pdfdirect/10.1002/mde.1423,,not-redistributable,abstract,a78fb1997c4541e3b3129ce62688c5d9bf45079f97cb7c019f81216fb3d23471
W2097751394,https://doi.org/10.1108/ebr-03-2014-0023,green,https://cris.brighton.ac.uk/ws/files/367907/2015%20Rashidirad%20The%20applicaability%20of%20Grants%20framework.pdf,other-oa,not-redistributable,abstract,208cc765335b42ae40e9a7de2a0c508f9213274c58ac59c8265542cfc45d8324
W2107592024,https://doi.org/10.1142/s2251361212500139,closed,,,no-pdf-url,abstract,9296b8d4f4f069c5a914e9012fcde5cbd6c4ccfcc0bb602ffc0643293ab2352f
W2108795964,https://doi.org/10.2307/2393553,closed,,,no-pdf-url,abstract,ab067417fbfe49bae1472a7543c672fecd7a0c10fbb73f31ed983f4b389e652f
W2109597629,https://doi.org/10.1109/hicss.2004.1265596,closed,,,no-pdf-url,abstract,bbc0ce14135d7f560e06a15b76f2cb62c98ad8f4fddd01d9813e66e13adae8a2
W2113033875,https://doi.org/10.1109/hicss.2006.77,closed,,,no-pdf-url,abstract,c63b52a2cc64c49a7c44233f2bdc989f72fd279b49508d4f42be00fda1458258
W2114883614,https://doi.org/10.1017/s1833367200000560,closed,,,no-pdf-url,abstract,e9c649a02347676e5209586f51a802d2d93ada6d8a2068a9062b2039b90a45d4
W2119652992,https://doi.org/10.5465/amr.2002.6587995,closed,,,no-pdf-url,abstract,3054e67f588db5bdb07e6423c8c74127d4b03b5253ded074bf8c5c4ebab6b8bc
W2124969087,https://doi.org/10.1109/icmss.2009.5300911,closed,,,no-pdf-url,abstract,33369d8a4059290e304ca6bd84ef763e1988b5a58eae5ec219c63f969d99a34b
W2127436640,https://doi.org/10.1109/iccasm.2010.5622837,closed,,,no-pdf-url,abstract,7936df39231fa49c30e82bb7a828a122f62c9b4b70c5cee6a0adb445906444a8
W2129650137,https://doi.org/10.1093/icc/dtr049,green,,other-oa,no-pdf-url,abstract,6fd00f9876d803659ae0ca51980db953a23906f19ce9e7f383fd02279cb66acc
W2130185540,https://doi.org/10.5465/ambpp.2014.12776abstract,closed,,,no-pdf-url,abstract,1767d82fbbed89d13088ab0c2c16d966afd744ebbd667c0349758056c428133a
W2139737633,http://aisel.aisnet.org/amcis2003/343,green,http://aisel.aisnet.org/cgi/viewcontent.cgi?article=1809&context=amcis2003,public-domain,blocked-after-attempt,abstract,c623996ca91be68a1335d634587c0fce57535951dfcb8ac0895e24224b9fd500
W2144661394,https://doi.org/10.1109/hicss.2000.926701,closed,,,no-pdf-url,abstract,0b89fe4df13b5744a2fc38e1368f2e222637b24301460b2a12db412363dbce38
W2153358630,https://doi.org/10.5897/ajbm2013.7017,diamond,https://academicjournals.org/journal/AJBM/article-full-text-pdf/AD10A6142928.pdf,cc-by,retrieved,full_text,e14093c46bf0bd47e93017ad557282f77fda6cc3d154c6593d104814974aa8bc
W2160195859,https://doi.org/10.1109/hicss.2007.64,closed,,,no-pdf-url,abstract,198acc655b045f7b76142c93680486b5295e7399f981a78fb2e6d7c3b2040484
W2164284962,https://doi.org/10.1287/orsc.2.1.71,closed,,,no-pdf-url,abstract,ff1dc65e2da71de11c4511e2775e873593c4e47033eec4ae31570e9b17033b0e
W2166318386,https://doi.org/10.1108/13673271111174339,closed,,,no-pdf-url,abstract,2f9b29dacf2dea41ca8ec0291ea83ba7bb170e724d50534626306f21385461e7
W2168129067,https://doi.org/10.5430/jms.v2n1p2,bronze,https://www.sciedu.ca/journal/index.php/jms/article/download/162/66,,not-redistributable,abstract,b5b102888a3935cb5238b9fea649de98879823e202f12f550bcd958189d363a6
W2172157658,https://doi.org/10.1002/smj.4250171105,bronze,https://onlinelibrary.wiley.com/doi/pdfdirect/10.1002/smj.4250171105,,not-redistributable,abstract,bbb14b1a4f3c6b423fbe233d5fbdda104711c53598ea7d1880f1006af4929a7d
W2183320229,http://citeseerx.ist.psu.edu/viewdoc/summary?doi=10.1.1.583.5795,closed,,,no-pdf-url,abstract,533efdce914e776066d685d08b3b1c6d8f31ebd86ddda33b564bfbb397ccbd70
W2186642170,http://chss.uonbi.ac.ke/sites/default/files/chss/1057-3855-2-PB.pdf,closed,,,no-pdf-url,abstract,2bdcee51c806077ccc21c2a13fe58338558173d096f84872b61762fca9ee463c
W2216740627,https://doi.org/10.1109/liss.2015.7369749,closed,,,no-pdf-url,abstract,4f3fde6b7f181c0355743383241ffcfec93baa0c94e454917f03ee96961ca670
W2228585107,https://doi.org/10.4018/irmj.2016010103,bronze,https://www.igi-global.com/ViewTitle.aspx?TitleId=143167&isxn=9781466688865,,not-redistributable,abstract,ff887c7acf73eb099d501c32e3684b46c70d471b24e1ffa0f9bef1cd3f2f66a4
W2247552713,https://dialnet.unirioja.es/descarga/articulo/2710867.pdf,closed,,,no-pdf-url,abstract,bbbb0524b0fdced94134fd0ceb964f29c8fdd688fc9a08538073da92940664bf
W2250236342,http://citeseerx.ist.psu.edu/viewdoc/summary?doi=10.1.1.941.3971,closed,,,no-pdf-url,abstract,39332b2e5be60bf8bc1b54043d80c8bdc2167c329ee999cacbf0d92803507fc2
W2252777709,https://openalex.org/W2252777709,green,http://www.toknowpress.net/ISBN/978-961-6914-02-4/papers/ML13-319.pdf,,not-redistributable,abstract,1d3f33ae20617d7639ba84eb3399528be67e53b09e05e917f8212a9402330e18
W2279454972,http://hdl.handle.net/10278/22114,closed,,,no-pdf-url,metadata_only,628c78670ba9db366bde4fb3ae41e19a05b5e62ac2e88548a9115aaf497f3edd
W22840974,https://doi.org/10.1016/j.ajog.2012.06.051,green,http://repo.uum.edu.my/11459/1/141.pdf,,not-redistributable,abstract,2172baecb1b0948e00f29b54c9c2e98f1a0007a61363ca15cd9b0367e5305119
W2291105470,https://doi.org/10.1080/09537325.2015.1131258,closed,,,no-pdf-url,abstract,d7a8e8b5641a551fd4ce85a6e4e68a9cec748ab0240183e8d1693709d586bd7b
W2304811421,http://ijimt.org/papers/171-T10035.pdf,closed,,,no-pdf-url,abstract,b03a956e81709a99f8199b9573b620e7f7fdcc66e13b019e64083f54a1213e12
W2316083084,https://doi.org/10.14257/ijunesst.2015.8.12.14,bronze,https://doi.org/10.14257/ijunesst.2015.8.12.14,,not-redistributable,abstract,9e095eeaf68a37c00ebe427f8481558bd799b40f9c474681ce612f9b2e8d6036
W2319564280,https://doi.org/10.2991/hss-26.2016.118,gold,https://www.atlantis-press.com/article/25849179.pdf,cc-by-nc,not-redistributable,abstract,731a65b2beea6469a1d4f51009cc8f7cdff50a01fe3d0c740479b2bf8d31383b
W2326350366,https://doi.org/10.5465/ambpp.2014.11006abstract,closed,,,no-pdf-url,abstract,a38d6264f91ea7a678b349c91e265eeb62222b16575985c89fa6269ccb6f0ef8
W2327025638,https://doi.org/10.1061/9780784413135.029,closed,,,no-pdf-url,abstract,026d791e108f5817898a5dc21b729a90d79759fd9aaeb9bf4adf169e78a5ff62
W2332902499,https://doi.org/10.5762/kais.2015.16.12.8262,bronze,http://society.kisti.re.kr/sv/SV_svpsbs03V.do?method=download&cn1=JAKO201504641501202,,not-redistributable,abstract,8fb3274ff45777abfa4ec029c464d0608674ee0f5d6b92d40ea334e38c7b420b
W2334087974,https://doi.org/10.5465/ambpp.2013.10336abstract,closed,,,no-pdf-url,abstract,3510cd0d32825606750a694206a5ab93a7227e5f470653a034699a68ec207cc0
W2348829882,https://en.cnki.com.cn/Article_en/CJFDTOTAL-HRBG200801025.htm,closed,,,no-pdf-url,abstract,538ebf92c2c8737431d216237f034c51720b7a7c44fc496299825e49b8d166bb
W2349364486,https://en.cnki.com.cn/Article_en/CJFDTOTAL-WLYF201011016.htm,closed,,,no-pdf-url,abstract,97462366f2c80559e07b35b77b61a8a68941c70c05b628d067fc8d69a0dd21c2
W2349869695,https://en.cnki.com.cn/Article_en/CJFDTOTAL-XUXI200903017.htm,closed,,,no-pdf-url,abstract,beeaf43ac2ef03a343b65c10c0c5ef15274487bf7237c357ea5063a109142141
W2350547853,https://doi.org/10.1016/j.im.2014.10.010,green,https://pure.rug.nl/ws/files/98709208/Information_Technology_and_Organizational_Learning_in_Knowledge_Alliances_and_Networks.pdf,other-oa,not-redistributable,metadata_only,3a26ac9e69372a19bf376f725c15107263e440715405a4acb0528d90a869c09f
W2351266167,http://en.cnki.com.cn/Article_en/CJFDTOTAL-BJGG201103010.htm,closed,,,no-pdf-url,abstract,9a4e992e55287d4ed1334f09439ec2f7ee19613e8b5c2f8d4ac4bbb61b5bfa54
W2351266377,http://en.cnki.com.cn/Article_en/CJFDTotal-KXYJ2005S1045.htm,closed,,,no-pdf-url,abstract,3ecc2094433a74809e609359bc3dc3f1e1afe988287414bd722a62461b88a457
W2354630219,https://en.cnki.com.cn/Article_en/CJFDTOTAL-DJKX201301012.htm,closed,,,no-pdf-url,abstract,110e311ce1c785aeecb444f2b4fbc9c92b585ed5fbf0118061b45530583a9859
W2355425519,https://en.cnki.com.cn/Article_en/CJFDTOTAL-XADZ201003002.htm,closed,,,no-pdf-url,abstract,1d750dd571d43487960afe65675ed7f97c1dcc26976e9740a81508f43b9964f7
W2357842919,http://en.cnki.com.cn/Article_en/CJFDTOTAL-ZGRK200909018.htm,closed,,,no-pdf-url,abstract,91ac3dc42e80c30606cfe549085b26e9578c99dbfc092603b39cba4d40ec1673
W2360228312,https://en.cnki.com.cn/Article_en/CJFDTOTAL-KXYJ200303017.htm,green,,,no-pdf-url,abstract,594016273476a850fc08969b30afb7313a0cfb4d29c753c3979638894f2d37eb
W2360499881,http://en.cnki.com.cn/Article_en/CJFDTOTAL-WSLD200606005.htm,closed,,,no-pdf-url,abstract,61d5ea81e8f2e2b50baa6308c570ba6d2e5d7735f759a0b7fe58f3b37aa77b39
W2360770798,https://en.cnki.com.cn/Article_en/CJFDTOTAL-KXXG201002011.htm,closed,,,no-pdf-url,abstract,718409bac487e63bcb5ac4d6521aeb2dbeed49a24e8e080d689c38d6b3635fc6
W2361696831,http://en.cnki.com.cn/Article_en/CJFDTOTAL-JJLL201008010.htm,closed,,,no-pdf-url,abstract,8419e39b1805ba32daef628c3e3115098c14b1e096cde731f10192127a74d407
W2364670211,http://en.cnki.com.cn/Article_en/CJFDTOTAL-JCJJ200902002.htm,closed,,,no-pdf-url,abstract,dd0debaa71bb7a2f803f111d5e114972a423fa8f4f3993bfd9d0200bfec6d4c1
W2374226729,https://openalex.org/W2374226729,closed,,,no-pdf-url,abstract,d3eaef30971614521de2d76d0e9c53c59ec356c9ceefb949f063c6189f5e76c0
W2375844141,https://en.cnki.com.cn/Article_en/CJFDTOTAL-GLXB200806013.htm,closed,,,no-pdf-url,abstract,8c4a1b30144027815fb0ecafb5cb82f6382053bbdffe59b2aa74462a2cc8ae7d
W2376856881,http://en.cnki.com.cn/Article_en/CJFDTOTAL-JZGC201232073.htm,closed,,,no-pdf-url,abstract,714beede49e1fad1a0d788116484977e2cadc1e62c0d991bb26d1fb4e0809bd2
W2378725772,http://en.cnki.com.cn/Article_en/CJFDTOTAL-JJYG201107011.htm,closed,,,no-pdf-url,abstract,2f5830f34c68f432a4f8373e67bbcb8c238af5b2a0c737681687ede07e5ad2d0
W2380543958,https://en.cnki.com.cn/Article_en/CJFDTOTAL-KXXG201010010.htm,closed,,,no-pdf-url,abstract,6a5705c763c2a5fb9ad483e0a2d12dfb9ea68f878b35ca9d63c832bbb3c751de
W2380840150,https://en.cnki.com.cn/Article_en/CJFDTOTAL-YJYF201506015.htm,closed,,,no-pdf-url,abstract,b2206977a398989ab2989c7f6032c1a47f33a4bc4c70f9823f015bc05910a1e5
W2387197579,https://en.cnki.com.cn/Article_en/CJFDTOTAL-KXYJ201307013.htm,green,,,no-pdf-url,abstract,43859ac81b35453f70df0f5eb9ba67a846db2897515f85d53759334656eb3b49
W2387847986,https://en.cnki.com.cn/Article_en/CJFDTOTAL-HDCS200804008.htm,closed,,,no-pdf-url,abstract,5ae8f1d2ae20908d7cde9de73b1811dd5b374532360d55e908477203d3878290
W2390074040,https://openalex.org/W2390074040,closed,,,no-pdf-url,abstract,746bdecaf15c29b8e43d4978adde18b946fb4bbdd3d5041f708fccc27e3b7f6e
W2391996585,http://en.cnki.com.cn/Article_en/CJFDTOTAL-SYCH201306014.htm,closed,,,no-pdf-url,abstract,00ddff1bc5d9c5d124b71654d20c56b1436e2b1981acfec72786219ef429c296
W2392323350,http://en.cnki.com.cn/Article_en/CJFDTOTAL-TJLT201211017.htm,closed,,,no-pdf-url,abstract,adfa28c9f31f882f8649cccb5c68eb2b8d997f7c598a0aea2bbda374f5e6ffe8
W2404335681,https://doi.org/10.1515/arbeit-2012-2-311,closed,,,no-pdf-url,abstract,91ece63b0159c8a9c566aa244b2ab642d873026573c6bcc013cfb0362c8fb80e
W2407579429,http://ipedr.com/vol13/55-T10035.pdf,closed,,,no-pdf-url,abstract,3f9abd82a0343178f936d9bddbe8306f0d424b72adfc57259758fbeefa3eb9ea
W2464478539,https://doi.org/10.1007/s10961-016-9488-1,closed,,,no-pdf-url,metadata_only,766a7f4e0da3c02ad10dc8cf39756918e55c50417416db33df807a782eb7c779
W2467318596,https://ci.nii.ac.jp/naid/120005737885,closed,,,no-pdf-url,metadata_only,02d51cfc2bb206f3c5ca458342a7e03b5b1b8c1b06a874e85ab571031790fb93
W2504355237,https://doi.org/10.1016/j.jengtecman.2016.07.001,hybrid,,cc-by-nc-nd,no-pdf-url,abstract,058d278a08370820af2c07711355c54932429d29e4c43a30b9a925b7e4d009e5
W2602055812,https://doi.org/10.4337/9781784718053.00017,closed,,,no-pdf-url,abstract,10cd7de7428b0c4607da08b4e92e8ecb8e30e3bd8e309d9964811f967560de15
W2608344698,https://openalex.org/W2608344698,green,,cc-by-sa,no-pdf-url,abstract,f63ff61041aeb1a5d934ba01287c3717df98b1664e495446f83f16ce4f73783a
W2619136484,https://doi.org/10.5465/ambpp.2016.12263abstract,closed,,,no-pdf-url,abstract,156275712ca04b6e664c7640a99d813ae308dedce2a8257ff6d585b25c60f23c
W2625196300,https://doi.org/10.1504/ijbe.2017.10005662,closed,,,no-pdf-url,abstract,dbfa46eef5084301f94f150cae1a0ecaeb760fa551a960f141ddcae5fc7dcbd6
W2727719618,"https://ir.uitm.edu.my/view/publication/Social_and_Management_Research_Journal_=28SMRJ=29/>,",green,http://ir.uitm.edu.my/13072/1/AJ_ZARINA%20DENAN%20SMRJ%2009%201.pdf,,not-redistributable,abstract,dd04b671129e4a0f597c0541b6edca2a6f4e50cf6f70c11b7bb3d6621a731d13
W273073713,http://en.cnki.com.cn/Article_en/CJFDTOTAL-GLXZ200915026.htm,closed,,,no-pdf-url,abstract,d3476a3f2f43e79f77fdbb2752795478aebd3fc590e481ec9688dc67b7a9a6f0
W2742619630,https://doi.org/10.1016/j.emj.2017.08.003,green,http://hdl.handle.net/20.500.11820/942b4d78-21cb-4012-b0f8-5cd6653a1222,cc-by-nc-nd,not-redistributable,metadata_only,4c9ee30bbba0b420f14e65677cff11d2c0b74331de9daffb8b317fc8d4cdd104
W2753684301,https://doi.org/10.1108/jkm-09-2016-0410,green,,other-oa,no-pdf-url,abstract,fac610816e0f31b2e17bbcd2aa202af1598c05f30ed7764e2edba009382dff84
W2765356250,https://doi.org/10.5465/ambpp.2017.10687abstract,closed,,,no-pdf-url,abstract,d6fd3f9a938428fac033c7e5736028b2628b726d8a19e1333083a82749cef977
W2765646572,https://doi.org/10.1108/ijopm-08-2016-0450,green,,other-oa,no-pdf-url,abstract,bca0cebb8d522d45ca3cc68d6f2ac480f392c42f326a1aee367ae05b316ff229
W2767699486,https://doi.org/10.1142/s1363919618500445,hybrid,,cc-by-nc-nd,no-pdf-url,abstract,6fde72038488da094428e3ae4f4d19c6765c6be51ec518b80dcfa3cde543d5b8
W2783456758,https://doi.org/10.4067/s0718-27242017000400002,diamond,https://scielo.conicyt.cl/pdf/jotmi/v12n4/art02.pdf,cc-by,retrieved,full_text,5ed4b28e943a83669dde4e38d591fa5d2086fed3d47a59b02d541ddeaabde594
W2783544070,https://doi.org/10.1386/tmsd.16.3.209_1,closed,,,no-pdf-url,abstract,424682727449d4c214f1d7705e3ccdb34e8458fd2dc1c19bc1c46da6e6cccb13
W2784810216,https://doi.org/10.1016/j.jwb.2018.01.004,closed,,,no-pdf-url,metadata_only,b9cb768de850fa177e298a6dd387d7d751002799e64c3275bf9cd610b48a5c2e
W2786484532,https://doi.org/10.1016/j.jbusres.2018.01.019,closed,,,no-pdf-url,metadata_only,7cfc8769abc33d1f3cb13d9fed29d1b57d3d307479c1186f6109e57e2bae7670
W2788157583,https://doi.org/10.1016/j.respol.2018.01.017,hybrid,https://ars.els-cdn.com/content/image/1-s2.0-S0048733318300246-fx1_lrg.jpg,cc-by-nc-nd,not-redistributable,abstract,b45ab4d304766c350b81d0d5efe33d446b49e3ac029a502a0722330d323a0396
W2828152500,https://doi.org/10.5465/ambpp.2018.13612abstract,closed,,,no-pdf-url,abstract,b4bf1fa46dffe838394dd6dba7c7bfc39706cb4d1f9dfa0bc49b93a66ace2d6e
W2837402946,https://doi.org/10.5465/ambpp.2018.15817abstract,closed,,,no-pdf-url,abstract,333481155bb0851b511766aa3943eebdfce6ec701e03f9c9fe9490bc0aadbda7
W2891018755,https://doi.org/10.1080/09537325.2018.1516866,closed,,,no-pdf-url,abstract,15abb311d108cb4330ad66c0d9a75b1c0ac1dcee0f16dbfe172801b85afc8f74
W2901434377,https://doi.org/10.1016/j.indmarman.2018.11.007,closed,,,no-pdf-url,metadata_only,dd78b7f6a055990fe6082a0eefb1aed0c3c86ad9638af281ac4f72a5e6c38b2b
W2913302557,https://openalex.org/W2913302557,green,https://eprints.lancs.ac.uk/id/eprint/125249/1/2014_BAM_Liu.pdf,,not-redistributable,abstract,4e1ae2219ea2a7f3077d713ecfa9a1884695d713ec21366cebfe1c2f04801a10
W2917276100,https://openalex.org/W2917276100,green,http://repo.uum.edu.my/25875/1/AEJ%2024%204%202018%201%209.pdf,,not-redistributable,abstract,23ee2e83d297482bbf28deca57129f88ea0ffa51fc1d05a0d55507f48548dcf5
W2917984021,https://doi.org/10.1109/tem.2019.2893133,closed,,,no-pdf-url,abstract,f68a6adb29544aca8f11941d1cb1bb9adac76d7e8329f056391de54eec48ccea
W2924062839,https://doi.org/10.1080/19761597.2019.1595688,closed,,,no-pdf-url,abstract,4b44da5356130e43393981730aefe2d6453a49e058b803cba05311cb37275fe1
W2940153225,https://doi.org/10.16980/jitc.14.6.201812.357,closed,,,no-pdf-url,abstract,abd9b94daf4723319e2a88628eb527add88012d2040c40c9593d89072725d7e0
W2941449377,https://scholar.dkyobobook.co.kr/searchDetail.laf?barcode=4010026960866,closed,,,no-pdf-url,abstract,bcc1ff2f69e4944647eda94645810c9ddccf8f9d501f56ba1ae17ff78014a612
W2941926800,https://doi.org/10.24191/smrj.v6i1.5170,hybrid,,cc-by-nc-nd,no-pdf-url,abstract,96fcd2c80769a75e8cf5c2a0c5269c6be0b4974c9240d27fba58347f91abecce
W2949630013,https://doi.org/10.1080/09537325.2019.1632821,closed,,,no-pdf-url,abstract,2a74ccf64ab7f4d79896ca90ab10cb5477fb992459293cb2330ad2d28618502f
W2957811032,https://doi.org/10.1080/14778238.2019.1638742,green,,other-oa,no-pdf-url,abstract,227ae7eda6428a66ae57d25e0b96035dc10140adc22917791660b5ff15214575
W2963510126,https://doi.org/10.1007/978-3-030-25629-6_135,closed,,,no-pdf-url,metadata_only,7e495457ec01fe4575e228bf7bcc9e4a3caaff79c0303b1afc4031e28773ad44
W2970608368,https://doi.org/10.1108/vjikms-11-2018-0105,closed,,,no-pdf-url,abstract,7d2539567c6d04b4c4ead706b481517cf7a6cbcd12c31635486b778023caa1d1
W2973814955,https://openalex.org/W2973814955,closed,,,no-pdf-url,abstract,dc8cb89ce6866dd3c7e1a5d68f047f26a55976f4dec175339637c10e66727673
W2997491296,https://doi.org/10.34874/imist.prsm/doreg-v8i1.18752,green,,,no-pdf-url,abstract,709c45cf89a649d2d3cb7b42b05b96f26f220f3f86510c9b7a7bfc3e62abf1b9
W3006286288,https://doi.org/10.1016/j.jbusres.2020.02.015,green,https://eprints.lancs.ac.uk/id/eprint/141261/1/Manuscript_JBR_final.pdf,,not-redistributable,metadata_only,ce942994cdd5b159c0dd91174771e8b8f704868c16e5ca86c48e83af330150ad
W3011443804,https://doi.org/10.1108/ejim-09-2019-0244,closed,,,no-pdf-url,abstract,82fbe274861c1c5373d8965999422a794b4744bdbcad3e385fe4265bd4b2b3c5
W3011596403,https://doi.org/10.15549/jeecar.v7i1.340,gold,https://www.ieeca.org/journal/index.php/JEECAR/article/download/340/263,cc-by,retrieved,full_text,0cd7180ffbea9d1be461d8712b451446bdb239a6e022f4503e77fe7922d5d23c
W3015719447,https://aisel.aisnet.org/iceb2003/145,green,https://aisel.aisnet.org/iceb2003/145,,not-redistributable,abstract,e8f5a5a4f6b98ef967582fe0b04e4512a0f9770ed738c9410709751703aa261e
W3021502306,https://doi.org/10.1108/bpmj-11-2019-0453,closed,,,no-pdf-url,abstract,f7f305c6995c6b79c885d97fa1a923f2773bc97ed84f87a6264184620e26850e
W3029106931,https://doi.org/10.1504/ijtis.2020.10029699,closed,,,no-pdf-url,abstract,b3bcab729859ae34f23ad7ca48fa7b66800ddf492a462a51e533dcade2625f8a
W3045566683,https://doi.org/10.5465/ambpp.2020.19351abstract,green,,cc-by,no-pdf-url,abstract,dae682072e567e866ed70a013b6393c335b223e5b7341348dd53fd037b18e5b4
W3045996744,https://doi.org/10.5465/ambpp.2020.17984abstract,closed,,,no-pdf-url,abstract,0b6641a9352fc1fd46c344ff74e856d4f03ad6a527890a59e76177e0e9eaccce
W3046524639,https://doi.org/10.3390/admsci10030048,gold,https://www.mdpi.com/2076-3387/10/3/48/pdf?version=1601044008,cc-by,retrieved-html-fallback,full_text,288bf0f4c23d0579d536328f5dd31de763931773fc765f6e05ce12e7e5475256
W3112514933,https://db.koreascholar.com/Article?code=403495,closed,,,no-pdf-url,abstract,b56b3e5f9cc278b910c4157392d3af9f0aff3c5100afabaaa544f9268ccf5d0d
W3119539330,https://www.sysrevpharm.org/index.php?mno=38746,closed,,,no-pdf-url,abstract,0553914c31fb5f0915fb80f2854fb131b7b4b35a4cc2a47697d6e77be0e99390
W3121075725,https://doi.org/10.1007/s13132-020-00708-3,closed,,,no-pdf-url,metadata_only,615d2ef1416e6fa18420a3c75b53cb15df125cc78e0d07bc61e465e64eb754a9
W3123267990,http://www.sciencedirect.com/science/article/pii/S0969593109001425,closed,,,no-pdf-url,abstract,0fb0b590c1c520bfa53273f8ce783d2266aad0fb59460388d4b098487ff4bead
W3123522775,http://citeseerx.ist.psu.edu/viewdoc/summary?doi=10.1.1.455.932,closed,,,no-pdf-url,abstract,de07c8f901a6353d8b6b3aae1140b607c9882bbff4b907af58e0b2ce545488b4
W3125825491,https://doi.org/10.2139/ssrn.2942821,green,,,no-pdf-url,metadata_only,e2a89985781a6b345aff90bfea5f81d67865cfdec08e27876411dd9233e4db08
W3133702157,https://doi.org/10.1145/3442188.3445922,gold,,cc-by,no-pdf-url,abstract,ef28ecf5763d05180f982df9276d422b516de41d308daeec94bc5df9d48d7e31
W3151962107,https://doi.org/10.33633/jpeb.v6i1.4043,diamond,http://publikasi.dinus.ac.id/index.php/jpeb/article/download/4043/2231,cc-by,blocked-after-attempt,abstract,4e3ba9a72b72fcace811c7f4341a5eaee92c0520ce223e181a2c5ec48c081a58
W3159096815,https://doi.org/10.1109/snpdwinter52325.2021.00034,closed,,,no-pdf-url,abstract,dfb60e5be6ef49d40d68aa2393be6ca92911a051eeafd2c917b87bff59580fa5
W3165372770,https://doi.org/10.3390/merits1010003,diamond,https://www.mdpi.com/2673-8104/1/1/3/pdf?version=1621484347,cc-by,retrieved-html-fallback,full_text,ee4cf97ee23a21f67f36841712be8ab2846ffcd0e7cf653f4ec8bc703f1930e7
W3165549842,https://doi.org/10.1080/23311975.2021.1929032,gold,https://www.tandfonline.com/doi/pdf/10.1080/23311975.2021.1929032?needAccess=true,cc-by,retrieved-html-fallback,full_text,654be21ef9f7307a7f9c85c49d9a201697f98db0d485cdf88360350e6d29a630
W3169278803,https://papers.ssrn.com/sol3/papers.cfm?abstract_id=3703636,green,,,no-pdf-url,abstract,23ee2e83d297482bbf28deca57129f88ea0ffa51fc1d05a0d55507f48548dcf5
W3190349563,https://doi.org/10.1080/02692171.2021.1957783,closed,,,no-pdf-url,abstract,d0c38cffd273c767975c3002de5ad4920b0ac1230c5862767758cb9125a716b2
W3190917026,https://doi.org/10.14456/tureview.2021.10,green,,,no-pdf-url,abstract,0bd084d552205dbcd3d4cdfc9ac2359a7d31b22f68d8d0420bb58c11bc8c1bcc
W3195303261,https://doi.org/10.1590/1678-6971/eramr210083,diamond,https://www.scielo.br/j/ram/a/XNCqk8XvpLnNttVVZ54nhWq/?lang=en&format=pdf,cc-by,blocked-after-attempt,abstract,ffea4c2ace4da7db2569a1225eef871d34c9b93fdc5527314b2be0d985dc30ec
W3197212781,https://doi.org/10.9876/sim.v25i1.929,green,,,no-pdf-url,abstract,914b156a2dac6bb79b56dee2e6f390ecf09d1d74a00eef31ef3c1937674082eb
W3199743489,https://doi.org/10.3390/su131810294,gold,https://www.mdpi.com/2071-1050/13/18/10294/pdf?version=1631698758,cc-by,retrieved-html-fallback,full_text,1a77804a5e8ea1c8df0f20aff0ebe6147c94c99f750f89a13a5b6f156fa6b15b
W3206294586,https://doi.org/10.1080/14778238.2021.1982421,closed,,,no-pdf-url,abstract,f4e82927695be845a6267020805615aad5333265b6622b665e2c7d6779f87740
W3208788294,https://doi.org/10.3389/fpsyg.2021.751997,gold,https://www.frontiersin.org/articles/10.3389/fpsyg.2021.751997/pdf,cc-by,retrieved,full_text,0c445c204e4f7bdf3a6621219db57d58316390180e9bf610a01471e718767f67
W3209894979,https://doi.org/10.1080/20421338.2021.1958988,closed,,,no-pdf-url,abstract,f5fa91f83106fc823a2dbce4a2df7e85eaf42716e5cc9c6de16d51a8a5dca0c7
W3215465353,https://doi.org/10.36418/edv.v1i10.232,diamond,https://eduvest.greenvest.co.id/index.php/edv/article/download/232/677,cc-by-sa,retrieved,full_text,4e78d82174c2fa1bb646bbf4fb0298dc0843b8644953c0fc635eeed89f810773
W3217510971,https://doi.org/10.3390/su132313202,gold,https://www.mdpi.com/2071-1050/13/23/13202/pdf?version=1638173257,cc-by,retrieved-html-fallback,full_text,fe002ebf13560c9d4ecf1c37618dab171a10ebc2efcfc81cde7dd790d46aec0a
W354275420,http://www.diva-portal.org/smash/record.jsf?pid=diva2:165196,closed,,,no-pdf-url,abstract,1a6862f5a417dc71e31ecb533ca6cf4fe19a6cbc3bc85d675773178f7a14a6ef
W38652429,https://doi.org/10.24212/2179-3565.2014v5i2p42-55,diamond,https://revistas.pucsp.br/index.php/risus/article/download/18260/13583,cc-by,retrieved,full_text,b8ce95a78e93f5c761989e5feeb188c5c1b39b168b586d71fdd42b72d4c59bb0
W391337096,https://pure.eur.nl/en/publications/896ee9ef-d3a9-4225-af6d-55e106397826,closed,,,no-pdf-url,abstract,481dab746b07b897f0b5762e4bfbe62182a8ed26c12978f5aab7a85aad91ef8d
W4230885242,https://doi.org/10.4018/978-1-4666-7357-1.ch057,closed,,,no-pdf-url,abstract,ac6e95d59faef12338b8aba0cc4c3237ba8bfef5c1113d9d0173195485c09258
W4232076013,https://doi.org/10.4018/978-1-4666-0035-5.ch003,closed,,,no-pdf-url,abstract,eac7ab23717183830ad981b4a50b3d919e277ea584378ad97c0231f05848a6a5
W4243427013,https://doi.org/10.4018/978-1-4666-2625-6.ch023,closed,,,no-pdf-url,abstract,e1da9e9568cdbeb98aa76eb264f541e06f6d2f24b1c332de360feb8024b93344
W4243692361,https://doi.org/10.4018/978-1-4666-6268-1.ch050,closed,,,no-pdf-url,abstract,9c000bb3394b51106b31186f20f1187f05d59d34714325eed11659ee3318d57a
W4244396275,https://doi.org/10.1504/ijbe.2017.084703,closed,,,no-pdf-url,abstract,dbfa46eef5084301f94f150cae1a0ecaeb760fa551a960f141ddcae5fc7dcbd6
W4285502288,https://doi.org/10.23919/cisti54924.2022.9820028,closed,,,no-pdf-url,abstract,8c043b6f5acbb27e59e0c3d3327cf295bdbf28a47df279e235fd8b278c91fc5c
W4295768358,https://doi.org/10.23919/picmet53225.2022.9882856,closed,,,no-pdf-url,abstract,38b6ce08092535de617b0441e6a66dc35885c4489b1eac181fc923f00277700b
W4310691070,https://doi.org/10.1016/j.indmarman.2022.11.003,hybrid,,cc-by,no-pdf-url,abstract,036aa37aaf00dad8a5b534792f379f9a67433368215eee1bd64d9815eec290d2
W4321063683,https://doi.org/10.1109/ictmod55867.2022.10041884,closed,,,no-pdf-url,abstract,7054f65bccc0ba0d95cdda00869ceb2ad2adcb6a8849dae57630f7d1639d7e81
W4323637042,https://doi.org/10.1016/j.technovation.2023.102735,closed,,,no-pdf-url,metadata_only,a3def2c376afcc9546be2d274f5d5724bf105dc2447a8ff3cb248b1620596700
W4376528572,https://doi.org/10.59188/eduvest.v1i10.232,diamond,,cc-by-sa,no-pdf-url,abstract,f2144737c18737f3b4653917729a500bc5b3d6ab69803e144cedc47142284668
W4386255792,https://doi.org/10.1007/s13132-023-01465-9,hybrid,https://link.springer.com/content/pdf/10.1007/s13132-023-01465-9.pdf,cc-by,retrieved-html-fallback,full_text,55dc0f1a180bdf6954b99f6a158de8a5d9884745467bc5cd2c7e8987e0e07bfd
W4386798285,https://doi.org/10.2478/minib-2023-0017,diamond,https://sciendo.com/pdf/10.2478/minib-2023-0017,cc-by-nc,not-redistributable,abstract,017355430355aa231d413f9cb90264ad525a0dd67c1c0fb7118d575dfdc72db0
W4399441943,https://doi.org/10.1111/apel.12417,hybrid,https://onlinelibrary.wiley.com/doi/pdfdirect/10.1111/apel.12417,cc-by,blocked-after-attempt,abstract,247084f6a12ca1570af3334c010853cb7eb57230d79fbaf2edd4256ed06e69ae
W4400268572,https://doi.org/10.1016/j.jbusres.2024.114811,hybrid,,cc-by,no-pdf-url,abstract,398e22e6d90070c96a456e72bf82548f8510123b34720f9f54dda5bb705ce436
W48413605,http://www.continuous-innovation.net/Publications/Papers_CINet_conference_2009.html,green,https://eprints.qut.edu.au/27164/1/CINet_09_-_Storer.pdf,,not-redistributable,abstract,c447f0c89821f4b351baeae6004c83de18222a88cacfd767c00512b6bdf6b577
W83397471,https://doi.org/10.1016/s1074-7540(07)10007-6,closed,,,no-pdf-url,abstract,ffc1bcf39469364c6a2d0b7ae31585dfa548800c10a19a08cad7412ce2dc6a65
W98219716,https://www.jstor.org/stable/info/20798908,closed,,,no-pdf-url,abstract,7ca784d13a7970369b66e46eb64bc807227c2283410662030293800480fd032e
